"","estacao_cetesb","poluente","data","concentracao"
"1","Pinheiros","CO",2017-01-01,0.48
"2","Pinheiros","CO",2017-01-02,0.9
"3","Pinheiros","CO",2017-01-03,0.595833333333333
"4","Pinheiros","CO",2017-01-04,0.4125
"5","Pinheiros","CO",2017-01-05,0.4125
"6","Pinheiros","CO",2017-01-06,0.395833333333333
"7","Pinheiros","CO",2017-01-07,0.445833333333333
"8","Pinheiros","CO",2017-01-08,0.294117647058824
"9","Pinheiros","CO",2017-01-09,1.78
"10","Pinheiros","CO",2017-01-10,0.658333333333333
"11","Pinheiros","CO",2017-01-11,0.4125
"12","Pinheiros","CO",2017-01-12,0.283333333333333
"13","Pinheiros","CO",2017-01-13,0.254166666666667
"14","Pinheiros","CO",2017-01-14,0.275
"15","Pinheiros","CO",2017-01-15,0.316666666666667
"16","Pinheiros","CO",2017-01-16,0.416666666666667
"17","Pinheiros","CO",2017-01-17,0.429166666666667
"18","Pinheiros","CO",2017-01-18,0.6625
"19","Pinheiros","CO",2017-01-19,0.5375
"20","Pinheiros","CO",2017-01-20,0.683333333333333
"21","Pinheiros","CO",2017-01-21,0.508333333333333
"22","Pinheiros","CO",2017-01-22,0.4875
"23","Pinheiros","CO",2017-01-23,0.6375
"24","Pinheiros","CO",2017-01-24,0.5625
"25","Pinheiros","CO",2017-01-25,0.304166666666667
"26","Pinheiros","CO",2017-01-26,0.578260869565217
"27","Pinheiros","CO",2017-01-27,0.583333333333333
"28","Pinheiros","CO",2017-01-28,0.270833333333333
"29","Pinheiros","CO",2017-01-29,0.208333333333333
"30","Pinheiros","CO",2017-01-30,0.304166666666667
"31","Pinheiros","CO",2017-01-31,0.316666666666667
"32","Pinheiros","CO",2017-02-01,0.641666666666667
"33","Pinheiros","CO",2017-02-02,0.6375
"34","Pinheiros","CO",2017-02-03,0.570833333333333
"35","Pinheiros","CO",2017-02-04,0.570833333333333
"36","Pinheiros","CO",2017-02-05,0.504166666666667
"37","Pinheiros","CO",2017-02-06,0.5
"38","Pinheiros","CO",2017-02-07,0.454166666666667
"39","Pinheiros","CO",2017-02-08,0.208333333333333
"40","Pinheiros","CO",2017-02-09,0.191666666666667
"41","Pinheiros","CO",2017-02-10,0.270833333333333
"42","Pinheiros","CO",2017-02-11,0.2875
"43","Pinheiros","CO",2017-02-12,0.325
"44","Pinheiros","CO",2017-02-13,0.383333333333333
"45","Pinheiros","CO",2017-02-14,0.350087036677296
"46","Pinheiros","CO",2017-02-15,0.4
"47","Pinheiros","CO",2017-02-16,0.5125
"48","Pinheiros","CO",2017-02-17,0.55
"49","Pinheiros","CO",2017-02-18,0.704166666666667
"50","Pinheiros","CO",2017-02-19,0.579166666666667
"51","Pinheiros","CO",2017-02-20,0.345833333333333
"52","Pinheiros","CO",2017-02-21,0.428813658627541
"53","Pinheiros","CO",2017-02-22,0.43318771439562
"54","Pinheiros","CO",2017-02-23,0.268084670490506
"55","Pinheiros","CO",2017-02-24,0.40089643071936
"56","Pinheiros","CO",2017-02-25,0.41276653250251
"57","Pinheiros","CO",2017-02-26,0.604890037159019
"58","Pinheiros","CO",2017-02-27,0.54841442183681
"59","Pinheiros","CO",2017-02-28,0.58818730439593
"60","Pinheiros","CO",2017-03-01,0.584627352025664
"61","Pinheiros","CO",2017-03-02,0.728444865662276
"62","Pinheiros","CO",2017-03-03,0.725
"63","Pinheiros","CO",2017-03-04,0.475
"64","Pinheiros","CO",2017-03-05,0.291666666666667
"65","Pinheiros","CO",2017-03-06,0.904166666666667
"66","Pinheiros","CO",2017-03-07,0.780952380952381
"67","Pinheiros","CO",2017-03-08,0.560869565217391
"68","Pinheiros","CO",2017-03-09,0.520833333333333
"69","Pinheiros","CO",2017-03-10,0.779166666666667
"70","Pinheiros","CO",2017-03-11,0.433333333333333
"71","Pinheiros","CO",2017-03-12,0.352173913043478
"72","Pinheiros","CO",2017-03-13,0.2625
"73","Pinheiros","CO",2017-03-14,0.2625
"74","Pinheiros","CO",2017-03-15,0.391666666666667
"75","Pinheiros","CO",2017-03-16,0.733333333333333
"76","Pinheiros","CO",2017-03-17,0.7
"77","Pinheiros","CO",2017-03-18,0.191666666666667
"78","Pinheiros","CO",2017-03-19,0.15
"79","Pinheiros","CO",2017-03-20,0.170833333333333
"80","Pinheiros","CO",2017-03-21,0.208333333333333
"81","Pinheiros","CO",2017-03-22,0.220833333333333
"82","Pinheiros","CO",2017-03-23,0.295833333333333
"83","Pinheiros","CO",2017-03-24,0.483333333333333
"84","Pinheiros","CO",2017-03-25,0.4875
"85","Pinheiros","CO",2017-03-26,0.245833333333333
"86","Pinheiros","CO",2017-03-27,0.2625
"87","Pinheiros","CO",2017-03-28,0.1875
"88","Pinheiros","CO",2017-03-29,0.1875
"89","Pinheiros","CO",2017-03-30,0.195833333333333
"90","Pinheiros","CO",2017-03-31,0.195833333333333
"91","Pinheiros","CO",2017-04-01,0.158333333333333
"92","Pinheiros","CO",2017-04-02,0.183333333333333
"93","Pinheiros","CO",2017-04-03,0.3125
"94","Pinheiros","CO",2017-04-04,0.454166666666667
"95","Pinheiros","CO",2017-04-05,0.808333333333333
"96","Pinheiros","CO",2017-04-06,0.775
"97","Pinheiros","CO",2017-04-07,0.430434782608696
"98","Pinheiros","CO",2017-04-08,0.295833333333333
"99","Pinheiros","CO",2017-04-09,0.195833333333333
"100","Pinheiros","CO",2017-04-10,0.379166666666667
"101","Pinheiros","CO",2017-04-11,0.491666666666667
"102","Pinheiros","CO",2017-04-12,0.208333333333333
"103","Pinheiros","CO",2017-04-13,0.1875
"104","Pinheiros","CO",2017-04-14,0.216666666666667
"105","Pinheiros","CO",2017-04-15,0.329166666666667
"106","Pinheiros","CO",2017-04-16,0.391666666666667
"107","Pinheiros","CO",2017-04-17,0.241666666666667
"108","Pinheiros","CO",2017-04-18,0.179166666666667
"109","Pinheiros","CO",2017-04-19,0.245833333333333
"110","Pinheiros","CO",2017-04-20,0.479166666666667
"111","Pinheiros","CO",2017-04-21,0.356521739130435
"112","Pinheiros","CO",2017-04-22,0.225
"113","Pinheiros","CO",2017-04-23,0.138461538461538
"114","Pinheiros","CO",2017-04-24,0.325
"115","Pinheiros","CO",2017-04-25,0.504166666666667
"116","Pinheiros","CO",2017-04-26,0.595833333333333
"117","Pinheiros","CO",2017-04-27,0.30952380952381
"118","Pinheiros","CO",2017-04-28,0.1875
"119","Pinheiros","CO",2017-04-29,0.170833333333333
"120","Pinheiros","CO",2017-04-30,0.166666666666667
"121","Pinheiros","CO",2017-05-01,0.191666666666667
"122","Pinheiros","CO",2017-05-02,0.5
"123","Pinheiros","CO",2017-05-03,0.570833333333333
"124","Pinheiros","CO",2017-05-04,0.8125
"125","Pinheiros","CO",2017-05-05,0.925
"126","Pinheiros","CO",2017-05-06,0.416666666666667
"127","Pinheiros","CO",2017-05-07,0.19
"128","Pinheiros","CO",2017-05-08,0.525
"129","Pinheiros","CO",2017-05-09,0.925
"130","Pinheiros","CO",2017-05-10,0.291666666666667
"131","Pinheiros","CO",2017-05-11,0.409090909090909
"132","Pinheiros","CO",2017-05-12,0.558333333333333
"133","Pinheiros","CO",2017-05-13,0.729166666666667
"134","Pinheiros","CO",2017-05-14,0.304166666666667
"135","Pinheiros","CO",2017-05-15,0.3
"136","Pinheiros","CO",2017-05-16,0.225
"137","Pinheiros","CO",2017-05-17,0.2625
"138","Pinheiros","CO",2017-05-18,0.395833333333333
"139","Pinheiros","CO",2017-05-19,0.795833333333333
"140","Pinheiros","CO",2017-05-20,0.566666666666667
"141","Pinheiros","CO",2017-05-21,0.627777777777778
"142","Pinheiros","CO",2017-05-22,0.354166666666667
"143","Pinheiros","CO",2017-05-23,0.295833333333333
"144","Pinheiros","CO",2017-05-24,1.12083333333333
"145","Pinheiros","CO",2017-05-25,1.7125
"146","Pinheiros","CO",2017-05-26,1.8125
"147","Pinheiros","CO",2017-05-27,1.0875
"148","Pinheiros","CO",2017-05-28,0.55
"149","Pinheiros","CO",2017-05-29,1.15909090909091
"150","Pinheiros","CO",2017-05-30,0.6375
"151","Pinheiros","CO",2017-05-31,0.841666666666667
"152","Pinheiros","CO",2017-06-01,0.5375
"153","Pinheiros","CO",2017-06-02,0.4
"154","Pinheiros","CO",2017-06-03,0.391666666666667
"155","Pinheiros","CO",2017-06-04,0.729166666666667
"156","Pinheiros","CO",2017-06-05,0.933333333333333
"157","Pinheiros","CO",2017-06-06,1.3
"158","Pinheiros","CO",2017-06-07,1.3375
"159","Pinheiros","CO",2017-06-08,0.95
"160","Pinheiros","CO",2017-06-09,0.55
"161","Pinheiros","CO",2017-06-10,0.55
"162","Pinheiros","CO",2017-06-11,0.945833333333333
"163","Pinheiros","CO",2017-06-12,1.5875
"164","Pinheiros","CO",2017-06-13,1.58260869565217
"165","Pinheiros","CO",2017-06-14,0.579166666666667
"166","Pinheiros","CO",2017-06-15,0.258333333333333
"167","Pinheiros","CO",2017-06-16,0.870833333333333
"168","Pinheiros","CO",2017-06-17,1.85833333333333
"169","Pinheiros","CO",2017-06-18,1.26666666666667
"170","Pinheiros","CO",2017-06-19,0.979166666666667
"171","Pinheiros","CO",2017-06-20,0.208333333333333
"172","Pinheiros","CO",2017-06-21,0.233333333333333
"173","Pinheiros","CO",2017-06-22,0.420833333333333
"174","Pinheiros","CO",2017-06-23,0.22
"175","Pinheiros","CO",2017-06-24,0.127280865635402
"176","Pinheiros","CO",2017-06-25,0.039331886321625
"177","Pinheiros","CO",2017-06-26,-0.0191969731804383
"178","Pinheiros","CO",2017-06-27,-0.311144794341452
"179","Pinheiros","CO",2017-06-28,-0.378429522494521
"180","Pinheiros","CO",2017-06-29,0.075
"181","Pinheiros","CO",2017-06-30,0.583333333333333
"182","Pinheiros","CO",2017-07-01,0.495833333333333
"183","Pinheiros","CO",2017-07-02,0.1375
"184","Pinheiros","CO",2017-07-03,0.204166666666667
"185","Pinheiros","CO",2017-07-04,0.316666666666667
"186","Pinheiros","CO",2017-07-05,0.5
"187","Pinheiros","CO",2017-07-06,0.529166666666667
"188","Pinheiros","CO",2017-07-07,0.417391304347826
"189","Pinheiros","CO",2017-07-08,0.379166666666667
"190","Pinheiros","CO",2017-07-09,0.441666666666667
"191","Pinheiros","CO",2017-07-10,0.825
"192","Pinheiros","CO",2017-07-11,1.40416666666667
"193","Pinheiros","CO",2017-07-12,0.804166666666667
"194","Pinheiros","CO",2017-07-13,0.466666666666667
"195","Pinheiros","CO",2017-07-14,1.03333333333333
"196","Pinheiros","CO",2017-07-15,1.125
"197","Pinheiros","CO",2017-07-16,0.6
"198","Pinheiros","CO",2017-07-17,0.670833333333333
"199","Pinheiros","CO",2017-07-18,0.1875
"200","Pinheiros","CO",2017-07-19,0.354166666666667
"201","Pinheiros","CO",2017-07-20,0.504166666666667
"202","Pinheiros","CO",2017-07-21,1.40833333333333
"203","Pinheiros","CO",2017-07-22,0.854166666666667
"204","Pinheiros","CO",2017-07-23,0.366666666666667
"205","Pinheiros","CO",2017-07-24,1.07916666666667
"206","Pinheiros","CO",2017-07-25,1.0625
"207","Pinheiros","CO",2017-07-26,1.07083333333333
"208","Pinheiros","CO",2017-07-27,0.566666666666667
"209","Pinheiros","CO",2017-07-28,0.476190476190476
"210","Pinheiros","CO",2017-07-29,0.416666666666667
"211","Pinheiros","CO",2017-07-30,0.383333333333333
"212","Pinheiros","CO",2017-07-31,0.854166666666667
"213","Pinheiros","CO",2017-08-01,1.12916666666667
"214","Pinheiros","CO",2017-08-02,1.10833333333333
"215","Pinheiros","CO",2017-08-03,0.683333333333333
"216","Pinheiros","CO",2017-08-04,0.3
"217","Pinheiros","CO",2017-08-05,0.183333333333333
"218","Pinheiros","CO",2017-08-06,0.191666666666667
"219","Pinheiros","CO",2017-08-07,0.9875
"220","Pinheiros","CO",2017-08-08,1.30416666666667
"221","Pinheiros","CO",2017-08-09,1.53333333333333
"222","Pinheiros","CO",2017-08-10,0.254166666666667
"223","Pinheiros","CO",2017-08-11,0.231818181818182
"224","Pinheiros","CO",2017-08-12,0.4375
"225","Pinheiros","CO",2017-08-13,0.9
"226","Pinheiros","CO",2017-08-14,0.441666666666667
"227","Pinheiros","CO",2017-08-15,0.476190476190476
"228","Pinheiros","CO",2017-08-16,0.67
"229","Pinheiros","CO",2017-08-17,0.433333333333333
"230","Pinheiros","CO",2017-08-18,0.954166666666667
"231","Pinheiros","CO",2017-08-19,0.8375
"232","Pinheiros","CO",2017-08-20,0.516666666666667
"233","Pinheiros","CO",2017-08-21,0.1875
"234","Pinheiros","CO",2017-08-22,0.295833333333333
"235","Pinheiros","CO",2017-08-23,0.847826086956522
"236","Pinheiros","CO",2017-08-24,0.373913043478261
"237","Pinheiros","CO",2017-08-25,0.470833333333333
"238","Pinheiros","CO",2017-08-26,0.7
"239","Pinheiros","CO",2017-08-27,0.675
"240","Pinheiros","CO",2017-08-28,0.629166666666667
"241","Pinheiros","CO",2017-08-29,0.829166666666667
"242","Pinheiros","CO",2017-08-30,1.5625
"243","Pinheiros","CO",2017-08-31,0.25
"244","Pinheiros","CO",2017-09-01,0.25
"245","Pinheiros","CO",2017-09-02,0.2625
"246","Pinheiros","CO",2017-09-03,0.416666666666667
"247","Pinheiros","CO",2017-09-04,0.7375
"248","Pinheiros","CO",2017-09-05,1.3375
"249","Pinheiros","CO",2017-09-06,0.5125
"250","Pinheiros","CO",2017-09-07,0.445833333333333
"251","Pinheiros","CO",2017-09-08,0.745833333333333
"252","Pinheiros","CO",2017-09-09,0.716666666666667
"253","Pinheiros","CO",2017-09-10,0.5125
"254","Pinheiros","CO",2017-09-11,0.821739130434783
"255","Pinheiros","CO",2017-09-12,0.491666666666667
"256","Pinheiros","CO",2017-09-13,0.825
"257","Pinheiros","CO",2017-09-14,1.39166666666667
"258","Pinheiros","CO",2017-09-15,1.35833333333333
"259","Pinheiros","CO",2017-09-16,0.4
"260","Pinheiros","CO",2017-09-17,0.5375
"261","Pinheiros","CO",2017-09-18,0.391666666666667
"262","Pinheiros","CO",2017-09-19,0.4375
"263","Pinheiros","CO",2017-09-20,0.45
"264","Pinheiros","CO",2017-09-21,0.754166666666667
"265","Pinheiros","CO",2017-09-22,0.866666666666667
"266","Pinheiros","CO",2017-09-23,0.683333333333333
"267","Pinheiros","CO",2017-09-24,0.2
"268","Pinheiros","CO",2017-09-25,0.2625
"269","Pinheiros","CO",2017-09-26,0.404166666666667
"270","Pinheiros","CO",2017-09-27,0.779166666666667
"271","Pinheiros","CO",2017-09-28,0.7125
"272","Pinheiros","CO",2017-09-29,0.2875
"273","Pinheiros","CO",2017-09-30,0.529166666666667
"274","Pinheiros","CO",2017-10-01,0.4625
"275","Pinheiros","CO",2017-10-02,0.729166666666667
"276","Pinheiros","CO",2017-10-03,0.491666666666667
"277","Pinheiros","CO",2017-10-04,0.370833333333333
"278","Pinheiros","CO",2017-10-05,0.7
"279","Pinheiros","CO",2017-10-06,0.7375
"280","Pinheiros","CO",2017-10-07,0.411111111111111
"281","Pinheiros","CO",2017-10-08,1.42857142857143
"282","Pinheiros","CO",2017-10-09,1.06666666666667
"283","Pinheiros","CO",2017-10-10,0.733333333333333
"284","Pinheiros","CO",2017-10-11,0.766666666666667
"285","Pinheiros","CO",2017-10-12,0.320833333333333
"286","Pinheiros","CO",2017-10-13,0.466666666666667
"287","Pinheiros","CO",2017-10-14,0.3125
"288","Pinheiros","CO",2017-10-15,0.1
"289","Pinheiros","CO",2017-10-16,0.183333333333333
"290","Pinheiros","CO",2017-10-17,0.283333333333333
"291","Pinheiros","CO",2017-10-18,0.583333333333333
"292","Pinheiros","CO",2017-10-19,0.583333333333333
"293","Pinheiros","CO",2017-10-20,0.333333333333333
"294","Pinheiros","CO",2017-10-21,0.820833333333333
"295","Pinheiros","CO",2017-10-22,0.554166666666667
"296","Pinheiros","CO",2017-10-23,0.229166666666667
"297","Pinheiros","CO",2017-10-24,0.25
"298","Pinheiros","CO",2017-10-25,0.383333333333333
"299","Pinheiros","CO",2017-10-26,0.6625
"300","Pinheiros","CO",2017-10-27,0.854166666666667
"301","Pinheiros","CO",2017-10-28,0.454166666666667
"302","Pinheiros","CO",2017-10-29,0.5375
"303","Pinheiros","CO",2017-10-30,0.691666666666667
"304","Pinheiros","CO",2017-10-31,0.3375
"305","Pinheiros","CO",2017-11-01,0.1875
"306","Pinheiros","CO",2017-11-02,0.1625
"307","Pinheiros","CO",2017-11-03,0.379166666666667
"308","Pinheiros","CO",2017-11-04,0.320833333333333
"309","Pinheiros","CO",2017-11-05,0.216666666666667
"310","Pinheiros","CO",2017-11-06,0.220833333333333
"311","Pinheiros","CO",2017-11-07,0.2
"312","Pinheiros","CO",2017-11-08,0.3125
"313","Pinheiros","CO",2017-11-09,0.4875
"314","Pinheiros","CO",2017-11-10,0.2875
"315","Pinheiros","CO",2017-11-11,0.253945203295171
"316","Pinheiros","CO",2017-11-12,0.182416423395999
"317","Pinheiros","CO",2017-11-13,0.260232422757539
"318","Pinheiros","CO",2017-11-14,0.388888888888889
"319","Pinheiros","CO",2017-11-15,0.383333333333333
"320","Pinheiros","CO",2017-11-16,0.660869565217391
"321","Pinheiros","CO",2017-11-17,0.5875
"322","Pinheiros","CO",2017-11-18,0.366666666666667
"323","Pinheiros","CO",2017-11-19,0.229166666666667
"324","Pinheiros","CO",2017-11-20,0.191666666666667
"325","Pinheiros","CO",2017-11-21,0.579166666666667
"326","Pinheiros","CO",2017-11-22,0.408333333333333
"327","Pinheiros","CO",2017-11-23,0.558823529411765
"328","Pinheiros","CO",2017-11-24,0.616666666666667
"329","Pinheiros","CO",2017-11-25,0.783333333333333
"330","Pinheiros","CO",2017-11-26,1.05
"331","Pinheiros","CO",2017-11-27,0.675
"332","Pinheiros","CO",2017-11-28,0.195833333333333
"333","Pinheiros","CO",2017-11-29,0.183333333333333
"334","Pinheiros","CO",2017-11-30,0.270833333333333
"335","Pinheiros","CO",2017-12-01,0.241666666666667
"336","Pinheiros","CO",2017-12-02,0.179166666666667
"337","Pinheiros","CO",2017-12-03,0.179166666666667
"338","Pinheiros","CO",2017-12-04,0.329166666666667
"339","Pinheiros","CO",2017-12-05,0.245833333333333
"340","Pinheiros","CO",2017-12-06,0.279166666666667
"341","Pinheiros","CO",2017-12-07,0.516666666666667
"342","Pinheiros","CO",2017-12-08,0.525
"343","Pinheiros","CO",2017-12-09,0.2375
"344","Pinheiros","CO",2017-12-10,0.479166666666667
"345","Pinheiros","CO",2017-12-11,0.545454545454545
"346","Pinheiros","CO",2017-12-12,0.179166666666667
"347","Pinheiros","CO",2017-12-13,0.270833333333333
"348","Pinheiros","CO",2017-12-14,0.420833333333333
"349","Pinheiros","CO",2017-12-15,0.783333333333333
"350","Pinheiros","CO",2017-12-16,0.925
"351","Pinheiros","CO",2017-12-17,0.9
"352","Pinheiros","CO",2017-12-18,0.330434782608696
"353","Pinheiros","CO",2017-12-19,0.283333333333333
"354","Pinheiros","CO",2017-12-20,0.429166666666667
"355","Pinheiros","CO",2017-12-21,0.758333333333333
"356","Pinheiros","CO",2017-12-22,0.5875
"357","Pinheiros","CO",2017-12-23,0.333333333333333
"358","Pinheiros","CO",2017-12-24,0.275
"359","Pinheiros","CO",2017-12-25,0.320833333333333
"360","Pinheiros","CO",2017-12-26,0.254166666666667
"361","Pinheiros","CO",2017-12-27,0.291666666666667
"362","Pinheiros","CO",2017-12-28,0.308333333333333
"363","Pinheiros","CO",2017-12-29,0.420833333333333
"364","Pinheiros","CO",2017-12-30,0.216666666666667
"365","Pinheiros","CO",2017-12-31,0.179166666666667
"366","Pinheiros","CO",2018-01-01,0.208333333333333
"367","Pinheiros","CO",2018-01-02,0.325
"368","Pinheiros","CO",2018-01-03,0.270833333333333
"369","Pinheiros","CO",2018-01-04,0.175
"370","Pinheiros","CO",2018-01-05,0.270833333333333
"371","Pinheiros","CO",2018-01-06,0.3375
"372","Pinheiros","CO",2018-01-07,0.2125
"373","Pinheiros","CO",2018-01-08,0.3625
"374","Pinheiros","CO",2018-01-09,0.454166666666667
"375","Pinheiros","CO",2018-01-10,0.3625
"376","Pinheiros","CO",2018-01-11,0.3875
"377","Pinheiros","CO",2018-01-12,0.441666666666667
"378","Pinheiros","CO",2018-01-13,0.391666666666667
"379","Pinheiros","CO",2018-01-14,0.339130434782609
"380","Pinheiros","CO",2018-01-15,0.379166666666667
"381","Pinheiros","CO",2018-01-16,0.458333333333333
"382","Pinheiros","CO",2018-01-17,0.654166666666667
"383","Pinheiros","CO",2018-01-18,0.677272727272727
"384","Pinheiros","CO",2018-01-19,0.452173913043478
"385","Pinheiros","CO",2018-01-20,0.454166666666667
"386","Pinheiros","CO",2018-01-21,0.547826086956522
"387","Pinheiros","CO",2018-01-22,0.566666666666667
"388","Pinheiros","CO",2018-01-23,0.558333333333333
"389","Pinheiros","CO",2018-01-24,0.666666666666667
"390","Pinheiros","CO",2018-01-25,0.3
"391","Pinheiros","CO",2018-01-26,0.191666666666667
"392","Pinheiros","CO",2018-01-27,0.1625
"393","Pinheiros","CO",2018-01-28,0.218181818181818
"394","Pinheiros","CO",2018-01-29,0.5625
"395","Pinheiros","CO",2018-01-30,0.291666666666667
"396","Pinheiros","CO",2018-01-31,0.2375
"397","Pinheiros","CO",2018-02-01,0.183333333333333
"398","Pinheiros","CO",2018-02-02,0.2375
"399","Pinheiros","CO",2018-02-03,0.175
"400","Pinheiros","CO",2018-02-04,0.133333333333333
"401","Pinheiros","CO",2018-02-05,0.191666666666667
"402","Pinheiros","CO",2018-02-06,0.258333333333333
"403","Pinheiros","CO",2018-02-07,0.375
"404","Pinheiros","CO",2018-02-08,0.725
"405","Pinheiros","CO",2018-02-09,0.4875
"406","Pinheiros","CO",2018-02-10,0.679166666666667
"407","Pinheiros","CO",2018-02-11,0.454166666666667
"408","Pinheiros","CO",2018-02-12,0.304166666666667
"409","Pinheiros","CO",2018-02-13,0.108333333333333
"410","Pinheiros","CO",2018-02-14,0.1875
"411","Pinheiros","CO",2018-02-15,0.220833333333333
"412","Pinheiros","CO",2018-02-16,0.225
"413","Pinheiros","CO",2018-02-17,0.204166666666667
"414","Pinheiros","CO",2018-02-18,0.358333333333333
"415","Pinheiros","CO",2018-02-19,0.583333333333333
"416","Pinheiros","CO",2018-02-20,0.508333333333333
"417","Pinheiros","CO",2018-02-21,0.425
"418","Pinheiros","CO",2018-02-22,0.525
"419","Pinheiros","CO",2018-02-23,0.195833333333333
"420","Pinheiros","CO",2018-02-24,0.1875
"421","Pinheiros","CO",2018-02-25,0.2
"422","Pinheiros","CO",2018-02-26,0.516666666666667
"423","Pinheiros","CO",2018-02-27,0.5375
"424","Pinheiros","CO",2018-02-28,0.4875
"425","Pinheiros","CO",2018-03-01,0.466666666666667
"426","Pinheiros","CO",2018-03-02,0.595833333333333
"427","Pinheiros","CO",2018-03-03,0.370833333333333
"428","Pinheiros","CO",2018-03-04,0.39047619047619
"429","Pinheiros","CO",2018-03-05,0.708333333333333
"430","Pinheiros","CO",2018-03-06,0.61304347826087
"431","Pinheiros","CO",2018-03-07,0.441666666666667
"432","Pinheiros","CO",2018-03-08,0.229166666666667
"433","Pinheiros","CO",2018-03-09,0.1
"434","Pinheiros","CO",2018-03-10,0.388888888888889
"435","Pinheiros","CO",2018-03-11,0.404166666666667
"436","Pinheiros","CO",2018-03-12,0.716666666666667
"437","Pinheiros","CO",2018-03-13,0.404166666666667
"438","Pinheiros","CO",2018-03-14,0.5375
"439","Pinheiros","CO",2018-03-15,0.604166666666667
"440","Pinheiros","CO",2018-03-16,0.375
"441","Pinheiros","CO",2018-03-17,0.291666666666667
"442","Pinheiros","CO",2018-03-18,0.341666666666667
"443","Pinheiros","CO",2018-03-19,0.908333333333333
"444","Pinheiros","CO",2018-03-20,0.56
"445","Pinheiros","CO",2018-03-21,0.42334672941377
"446","Pinheiros","CO",2018-03-22,0.338648173897378
"447","Pinheiros","CO",2018-03-23,0.284615384615385
"448","Pinheiros","CO",2018-03-24,0.241666666666667
"449","Pinheiros","CO",2018-03-25,0.2
"450","Pinheiros","CO",2018-03-26,0.316666666666667
"451","Pinheiros","CO",2018-03-27,0.0166666666666667
"452","Pinheiros","CO",2018-03-28,0.711111111111111
"453","Pinheiros","CO",2018-03-29,0.475
"454","Pinheiros","CO",2018-03-30,0.241666666666667
"455","Pinheiros","CO",2018-03-31,0.3125
"456","Pinheiros","CO",2018-04-01,0.183333333333333
"457","Pinheiros","CO",2018-04-02,0.304166666666667
"458","Pinheiros","CO",2018-04-03,0.358333333333333
"459","Pinheiros","CO",2018-04-04,0.25
"460","Pinheiros","CO",2018-04-05,0.254166666666667
"461","Pinheiros","CO",2018-04-06,0.170833333333333
"462","Pinheiros","CO",2018-04-07,0.225
"463","Pinheiros","CO",2018-04-08,0.126086956521739
"464","Pinheiros","CO",2018-04-09,0.15
"465","Pinheiros","CO",2018-04-10,0.272222222222222
"466","Pinheiros","CO",2018-04-11,0.241666666666667
"467","Pinheiros","CO",2018-04-12,0.408333333333333
"468","Pinheiros","CO",2018-04-13,0.554166666666667
"469","Pinheiros","CO",2018-04-14,0.129166666666667
"470","Pinheiros","CO",2018-04-15,0.0909090909090909
"471","Pinheiros","CO",2018-04-16,0.278768509755433
"472","Pinheiros","CO",2018-04-17,0.211111111111111
"473","Pinheiros","CO",2018-04-18,0.3
"474","Pinheiros","CO",2018-04-19,0.8375
"475","Pinheiros","CO",2018-04-20,1.02916666666667
"476","Pinheiros","CO",2018-04-21,0.7875
"477","Pinheiros","CO",2018-04-22,0.233333333333333
"478","Pinheiros","CO",2018-04-23,0.408333333333333
"479","Pinheiros","CO",2018-04-24,0.475
"480","Pinheiros","CO",2018-04-25,0.391666666666667
"481","Pinheiros","CO",2018-04-26,0.495833333333333
"482","Pinheiros","CO",2018-04-27,0.45
"483","Pinheiros","CO",2018-04-28,0.375
"484","Pinheiros","CO",2018-04-29,0.625
"485","Pinheiros","CO",2018-04-30,0.960869565217391
"486","Pinheiros","CO",2018-05-01,0.833333333333333
"487","Pinheiros","CO",2018-05-02,0.45
"488","Pinheiros","CO",2018-05-03,0.44
"489","Pinheiros","CO",2018-05-04,0.805555555555556
"490","Pinheiros","CO",2018-05-05,0.816666666666667
"491","Pinheiros","CO",2018-05-06,0.341666666666667
"492","Pinheiros","CO",2018-05-07,0.291666666666667
"493","Pinheiros","CO",2018-05-08,0.2875
"494","Pinheiros","CO",2018-05-09,0.377614085841158
"495","Pinheiros","CO",2018-05-10,0.404105633286281
"496","Pinheiros","CO",2018-05-11,0.416755373108187
"497","Pinheiros","CO",2018-05-12,0.538252868930243
"498","Pinheiros","CO",2018-05-13,0.528779365865384
"499","Pinheiros","CO",2018-05-14,0.242857142857143
"500","Pinheiros","CO",2018-05-15,0.375
"501","Pinheiros","CO",2018-05-16,0.3
"502","Pinheiros","CO",2018-05-17,0
"503","Pinheiros","CO",2018-05-18,0.42001091072263
"504","Pinheiros","CO",2018-05-19,0.44476705279751
"505","Pinheiros","CO",2018-05-20,0.446404595445974
"506","Pinheiros","CO",2018-05-21,0.545110687182325
"507","Pinheiros","CO",2018-05-22,0.490533517598468
"508","Pinheiros","CO",2018-05-23,0.614476370570496
"509","Pinheiros","CO",2018-05-24,0.465648138785202
"510","Pinheiros","CO",2018-05-25,0.200356721842811
"511","Pinheiros","CO",2018-05-26,0.182265623359031
"512","Pinheiros","CO",2018-05-27,0.429166666666667
"513","Pinheiros","CO",2018-05-28,0.445833333333333
"514","Pinheiros","CO",2018-05-29,0.416666666666667
"515","Pinheiros","CO",2018-05-30,0.695833333333333
"516","Pinheiros","CO",2018-05-31,1.19583333333333
"517","Pinheiros","CO",2018-06-01,1.16086956521739
"518","Pinheiros","CO",2018-06-02,1.15
"519","Pinheiros","CO",2018-06-03,0.345833333333333
"520","Pinheiros","CO",2018-06-04,0.35
"521","Pinheiros","CO",2018-06-05,0.825
"522","Pinheiros","CO",2018-06-06,0.871428571428571
"523","Pinheiros","CO",2018-06-07,0.883333333333333
"524","Pinheiros","CO",2018-06-08,0.560869565217391
"525","Pinheiros","CO",2018-06-09,0.720833333333333
"526","Pinheiros","CO",2018-06-10,0.966666666666667
"527","Pinheiros","CO",2018-06-11,1.92
"528","Pinheiros","CO",2018-06-12,1.04705882352941
"529","Pinheiros","CO",2018-06-13,0.820833333333333
"530","Pinheiros","CO",2018-06-14,0.383333333333333
"531","Pinheiros","CO",2018-06-15,0.45
"532","Pinheiros","CO",2018-06-16,0.391666666666667
"533","Pinheiros","CO",2018-06-17,0.445833333333333
"534","Pinheiros","CO",2018-06-18,0.4875
"535","Pinheiros","CO",2018-06-19,0.554166666666667
"536","Pinheiros","CO",2018-06-20,1.04166666666667
"537","Pinheiros","CO",2018-06-21,1.85833333333333
"538","Pinheiros","CO",2018-06-22,1.55
"539","Pinheiros","CO",2018-06-23,1.86086956521739
"540","Pinheiros","CO",2018-06-24,1.41666666666667
"541","Pinheiros","CO",2018-06-25,1.50434782608696
"542","Pinheiros","CO",2018-06-26,1.9375
"543","Pinheiros","CO",2018-06-27,1.775
"544","Pinheiros","CO",2018-06-28,1.36666666666667
"545","Pinheiros","CO",2018-06-29,1.53333333333333
"546","Pinheiros","CO",2018-06-30,1.53333333333333
"547","Pinheiros","CO",2018-07-01,0.866666666666667
"548","Pinheiros","CO",2018-07-02,2.05909090909091
"549","Pinheiros","CO",2018-07-03,1.1625
"550","Pinheiros","CO",2018-07-04,0.828571428571429
"551","Pinheiros","CO",2018-07-05,1.94166666666667
"552","Pinheiros","CO",2018-07-06,2.07391304347826
"553","Pinheiros","CO",2018-07-07,1.275
"554","Pinheiros","CO",2018-07-08,1.5695652173913
"555","Pinheiros","CO",2018-07-09,0.916666666666667
"556","Pinheiros","CO",2018-07-10,0.665217391304348
"557","Pinheiros","CO",2018-07-11,0.709090909090909
"558","Pinheiros","CO",2018-07-12,0.822727272727273
"559","Pinheiros","CO",2018-07-13,1.32727272727273
"560","Pinheiros","CO",2018-07-14,2.05909090909091
"561","Pinheiros","CO",2018-07-15,2.43
"562","Pinheiros","CO",2018-07-16,2.43181818181818
"563","Pinheiros","CO",2018-07-17,1.70454545454545
"564","Pinheiros","CO",2018-07-18,2.19090909090909
"565","Pinheiros","CO",2018-07-19,2.21666666666667
"566","Pinheiros","CO",2018-07-20,2.14583333333333
"567","Pinheiros","CO",2018-07-21,1.5125
"568","Pinheiros","CO",2018-07-22,0.841666666666667
"569","Pinheiros","CO",2018-07-23,1.49166666666667
"570","Pinheiros","CO",2018-07-24,1.3875
"571","Pinheiros","CO",2018-07-25,1.0625
"572","Pinheiros","CO",2018-07-26,1.25416666666667
"573","Pinheiros","CO",2018-07-27,1.50713670905811
"574","Pinheiros","CO",2018-07-28,2.05333333333333
"575","Pinheiros","CO",2018-07-29,1.6337519575059
"576","Pinheiros","CO",2018-07-30,1.31264055079451
"577","Pinheiros","CO",2018-07-31,1.04373290702513
"578","Pinheiros","CO",2018-08-01,0.82093654807199
"579","Pinheiros","CO",2018-08-02,0.4
"580","Pinheiros","CO",2018-08-03,0.908333333333333
"581","Pinheiros","CO",2018-08-04,0.629166666666667
"582","Pinheiros","CO",2018-08-05,0.525
"583","Pinheiros","CO",2018-08-06,0.729166666666667
"584","Pinheiros","CO",2018-08-07,0.329166666666667
"585","Pinheiros","CO",2018-08-08,0.770833333333333
"586","Pinheiros","CO",2018-08-09,0.483333333333333
"587","Pinheiros","CO",2018-08-10,0.355555555555556
"588","Pinheiros","CO",2018-08-11,0.3
"589","Pinheiros","CO",2018-08-12,0.195833333333333
"590","Pinheiros","CO",2018-08-13,0.261904761904762
"591","Pinheiros","CO",2018-08-14,0.520833333333333
"592","Pinheiros","CO",2018-08-15,0.520833333333333
"593","Pinheiros","CO",2018-08-16,0.3125
"594","Pinheiros","CO",2018-08-17,0.316666666666667
"595","Pinheiros","CO",2018-08-18,0.35
"596","Pinheiros","CO",2018-08-19,0.5
"597","Pinheiros","CO",2018-08-20,0.695833333333333
"598","Pinheiros","CO",2018-08-21,0.5625
"599","Pinheiros","CO",2018-08-22,0.633333333333333
"600","Pinheiros","CO",2018-08-23,1.06521739130435
"601","Pinheiros","CO",2018-08-24,1.09166666666667
"602","Pinheiros","CO",2018-08-25,0.416666666666667
"603","Pinheiros","CO",2018-08-26,0.183333333333333
"604","Pinheiros","CO",2018-08-27,0.233333333333333
"605","Pinheiros","CO",2018-08-28,0.3
"606","Pinheiros","CO",2018-08-29,0.61918323233632
"607","Pinheiros","CO",2018-08-30,1.51007626816323
"608","Pinheiros","CO",2018-08-31,0.424116466565927
"609","Pinheiros","CO",2018-09-01,0.472033539020039
"610","Pinheiros","CO",2018-09-02,0.435481879879509
"611","Pinheiros","CO",2018-09-03,0.636423603263679
"612","Pinheiros","CO",2018-09-04,0.608014749284342
"613","Pinheiros","CO",2018-09-05,0.484266103242318
"614","Pinheiros","CO",2018-09-06,0.552800108133024
"615","Pinheiros","CO",2018-09-07,0.587027984607608
"616","Pinheiros","CO",2018-09-08,0.753614421419958
"617","Pinheiros","CO",2018-09-09,0.758231802239929
"618","Pinheiros","CO",2018-09-10,0.643009159704484
"619","Pinheiros","CO",2018-09-11,0.803181517354999
"620","Pinheiros","CO",2018-09-12,0.650814700783241
"621","Pinheiros","CO",2018-09-13,0.736129000509471
"622","Pinheiros","CO",2018-09-14,0.560633728429064
"623","Pinheiros","CO",2018-09-15,0.673146474822066
"624","Pinheiros","CO",2018-09-16,0.734294637181135
"625","Pinheiros","CO",2018-09-17,0.716009883297607
"626","Pinheiros","CO",2018-09-18,0.771094719534318
"627","Pinheiros","CO",2018-09-19,0.665515619213463
"628","Pinheiros","CO",2018-09-20,0.739584374554242
"629","Pinheiros","CO",2018-09-21,0.828308181606241
"630","Pinheiros","CO",2018-09-22,0.914655021838862
"631","Pinheiros","CO",2018-09-23,0.805070091776416
"632","Pinheiros","CO",2018-09-24,0.504464688321281
"633","Pinheiros","CO",2018-09-25,0.565231291152242
"634","Pinheiros","CO",2018-09-26,0.7
"635","Pinheiros","CO",2018-09-27,0.8375
"636","Pinheiros","CO",2018-09-28,0.5
"637","Pinheiros","CO",2018-09-29,0.338461538461538
"638","Pinheiros","CO",2018-09-30,0.546153846153846
"639","Pinheiros","CO",2018-10-01,1.075
"640","Pinheiros","CO",2018-10-02,0.966666666666667
"641","Pinheiros","CO",2018-10-03,0.670833333333333
"642","Pinheiros","CO",2018-10-04,0.370833333333333
"643","Pinheiros","CO",2018-10-05,0.254166666666667
"644","Pinheiros","CO",2018-10-06,0.279166666666667
"645","Pinheiros","CO",2018-10-07,0.404166666666667
"646","Pinheiros","CO",2018-10-08,0.775
"647","Pinheiros","CO",2018-10-09,0.729166666666667
"648","Pinheiros","CO",2018-10-10,0.679166666666667
"649","Pinheiros","CO",2018-10-11,0.35
"650","Pinheiros","CO",2018-10-12,0.354166666666667
"651","Pinheiros","CO",2018-10-13,0.704166666666667
"652","Pinheiros","CO",2018-10-14,0.258333333333333
"653","Pinheiros","CO",2018-10-15,0.429166666666667
"654","Pinheiros","CO",2018-10-16,0.466666666666667
"655","Pinheiros","CO",2018-10-17,0.7125
"656","Pinheiros","CO",2018-10-18,0.616666666666667
"657","Pinheiros","CO",2018-10-19,0.3875
"658","Pinheiros","CO",2018-10-20,0.208333333333333
"659","Pinheiros","CO",2018-10-21,0.154166666666667
"660","Pinheiros","CO",2018-10-22,0.2875
"661","Pinheiros","CO",2018-10-23,0.395833333333333
"662","Pinheiros","CO",2018-10-24,0.341666666666667
"663","Pinheiros","CO",2018-10-25,0.608333333333333
"664","Pinheiros","CO",2018-10-26,0.729166666666667
"665","Pinheiros","CO",2018-10-27,0.4375
"666","Pinheiros","CO",2018-10-28,0.204166666666667
"667","Pinheiros","CO",2018-10-29,0.233333333333333
"668","Pinheiros","CO",2018-10-30,0.441666666666667
"669","Pinheiros","CO",2018-10-31,0.625
"670","Pinheiros","CO",2018-11-01,0.6125
"671","Pinheiros","CO",2018-11-02,0.270833333333333
"672","Pinheiros","CO",2018-11-03,0.3625
"673","Pinheiros","CO",2018-11-04,0.295652173913043
"674","Pinheiros","CO",2018-11-05,0.229166666666667
"675","Pinheiros","CO",2018-11-06,0.333333333333333
"676","Pinheiros","CO",2018-11-07,0.291666666666667
"677","Pinheiros","CO",2018-11-08,0.254166666666667
"678","Pinheiros","CO",2018-11-09,0.316666666666667
"679","Pinheiros","CO",2018-11-10,0.404166666666667
"680","Pinheiros","CO",2018-11-11,0.4625
"681","Pinheiros","CO",2018-11-12,0.408333333333333
"682","Pinheiros","CO",2018-11-13,0.516666666666667
"683","Pinheiros","CO",2018-11-14,0.604166666666667
"684","Pinheiros","CO",2018-11-15,0.36875
"685","Pinheiros","CO",2018-11-16,0.204166666666667
"686","Pinheiros","CO",2018-11-17,0.266666666666667
"687","Pinheiros","CO",2018-11-18,0.333333333333333
"688","Pinheiros","CO",2018-11-19,0.205882352941176
"689","Pinheiros","CO",2018-11-20,0.152173913043478
"690","Pinheiros","CO",2018-11-21,0.291666666666667
"691","Pinheiros","CO",2018-11-22,0.495652173913043
"692","Pinheiros","CO",2018-11-23,0.704166666666667
"693","Pinheiros","CO",2018-11-24,0.415
"694","Pinheiros","CO",2018-11-25,0.340909090909091
"695","Pinheiros","CO",2018-11-26,0.2125
"696","Pinheiros","CO",2018-11-27,0.208333333333333
"697","Pinheiros","CO",2018-11-28,0.325
"698","Pinheiros","CO",2018-11-29,0.5375
"699","Pinheiros","CO",2018-11-30,0.779166666666667
"700","Pinheiros","CO",2018-12-01,0.558333333333333
"701","Pinheiros","CO",2018-12-02,0.426086956521739
"702","Pinheiros","CO",2018-12-03,0.2875
"703","Pinheiros","CO",2018-12-04,0.516666666666667
"704","Pinheiros","CO",2018-12-05,0.625
"705","Pinheiros","CO",2018-12-06,0.35
"706","Pinheiros","CO",2018-12-07,0.254166666666667
"707","Pinheiros","CO",2018-12-08,0.178260869565217
"708","Pinheiros","CO",2018-12-09,0.241666666666667
"709","Pinheiros","CO",2018-12-10,0.429166666666667
"710","Pinheiros","CO",2018-12-11,0.558333333333333
"711","Pinheiros","CO",2018-12-12,0.520833333333333
"712","Pinheiros","CO",2018-12-13,0.625
"713","Pinheiros","CO",2018-12-14,0.647058823529412
"714","Pinheiros","CO",2018-12-15,0.625
"715","Pinheiros","CO",2018-12-16,0.483333333333333
"716","Pinheiros","CO",2018-12-17,0.566666666666667
"717","Pinheiros","CO",2018-12-18,0.491666666666667
"718","Pinheiros","CO",2018-12-19,0.683333333333333
"719","Pinheiros","CO",2018-12-20,0.616666666666667
"720","Pinheiros","CO",2018-12-21,0.666666666666667
"721","Pinheiros","CO",2018-12-22,0.504166666666667
"722","Pinheiros","CO",2018-12-23,0.417391304347826
"723","Pinheiros","CO",2018-12-24,0.383333333333333
"724","Pinheiros","CO",2018-12-25,0.2375
"725","Pinheiros","CO",2018-12-26,0.270833333333333
"726","Pinheiros","CO",2018-12-27,0.2875
"727","Pinheiros","CO",2018-12-28,0.408333333333333
"728","Pinheiros","CO",2018-12-29,0.475
"729","Pinheiros","CO",2018-12-30,0.345833333333333
"730","Pinheiros","CO",2018-12-31,0.269565217391304
"731","Pinheiros","CO",2019-01-01,0.304166666666667
"732","Pinheiros","CO",2019-01-02,0.445833333333333
"733","Pinheiros","CO",2019-01-03,0.3875
"734","Pinheiros","CO",2019-01-04,0.55
"735","Pinheiros","CO",2019-01-05,0.468181818181818
"736","Pinheiros","CO",2019-01-06,0.425
"737","Pinheiros","CO",2019-01-07,0.6
"738","Pinheiros","CO",2019-01-08,0.654166666666667
"739","Pinheiros","CO",2019-01-09,0.357142857142857
"740","Pinheiros","CO",2019-01-10,0.4
"741","Pinheiros","CO",2019-01-11,0.630434782608696
"742","Pinheiros","CO",2019-01-12,0.375
"743","Pinheiros","CO",2019-01-13,0.345833333333333
"744","Pinheiros","CO",2019-01-14,0.547826086956522
"745","Pinheiros","CO",2019-01-15,0.5125
"746","Pinheiros","CO",2019-01-16,0.608333333333333
"747","Pinheiros","CO",2019-01-17,0.668181818181818
"748","Pinheiros","CO",2019-01-18,0.641666666666667
"749","Pinheiros","CO",2019-01-19,0.447619047619048
"750","Pinheiros","CO",2019-01-20,0.391666666666667
"751","Pinheiros","CO",2019-01-21,0.45
"752","Pinheiros","CO",2019-01-22,0.583333333333333
"753","Pinheiros","CO",2019-01-23,0.458333333333333
"754","Pinheiros","CO",2019-01-24,0.4875
"755","Pinheiros","CO",2019-01-25,0.331818181818182
"756","Pinheiros","CO",2019-01-26,0.645833333333333
"757","Pinheiros","CO",2019-01-27,0.3875
"758","Pinheiros","CO",2019-01-28,0.654166666666667
"759","Pinheiros","CO",2019-01-29,0.895833333333333
"760","Pinheiros","CO",2019-01-30,1.17058823529412
"761","Pinheiros","CO",2019-01-31,0.669230769230769
"762","Pinheiros","CO",2019-02-01,0.8875
"763","Pinheiros","CO",2019-02-02,0.558333333333333
"764","Pinheiros","CO",2019-02-03,0.266666666666667
"765","Pinheiros","CO",2019-02-04,0.291666666666667
"766","Pinheiros","CO",2019-02-05,0.25
"767","Pinheiros","CO",2019-02-06,0.545833333333333
"768","Pinheiros","CO",2019-02-07,0.408333333333333
"769","Pinheiros","CO",2019-02-08,0.604166666666667
"770","Pinheiros","CO",2019-02-09,0.383333333333333
"771","Pinheiros","CO",2019-02-10,0.354166666666667
"772","Pinheiros","CO",2019-02-11,0.516666666666667
"773","Pinheiros","CO",2019-02-12,0.520833333333333
"774","Pinheiros","CO",2019-02-13,0.275
"775","Pinheiros","CO",2019-02-14,0.220833333333333
"776","Pinheiros","CO",2019-02-15,0.7625
"777","Pinheiros","CO",2019-02-16,0.579166666666667
"778","Pinheiros","CO",2019-02-17,0.575
"779","Pinheiros","CO",2019-02-18,0.695833333333333
"780","Pinheiros","CO",2019-02-19,0.541666666666667
"781","Pinheiros","CO",2019-02-20,0.520833333333333
"782","Pinheiros","CO",2019-02-21,0.775
"783","Pinheiros","CO",2019-02-22,0.95
"784","Pinheiros","CO",2019-02-23,1.1
"785","Pinheiros","CO",2019-02-24,0.62
"786","Pinheiros","CO",2019-02-25,0.520833333333333
"787","Pinheiros","CO",2019-02-26,0.776190476190476
"788","Pinheiros","CO",2019-02-27,0.570833333333333
"789","Pinheiros","CO",2019-02-28,0.659090909090909
"790","Pinheiros","CO",2019-03-01,1.2
"791","Pinheiros","CO",2019-03-02,0.829166666666667
"792","Pinheiros","CO",2019-03-03,0.7125
"793","Pinheiros","CO",2019-03-04,0.603382429732867
"794","Pinheiros","CO",2019-03-05,0.590638311993482
"795","Pinheiros","CO",2019-03-06,0.941176470588235
"796","Pinheiros","CO",2019-03-07,0.9
"797","Pinheiros","CO",2019-03-08,0.791666666666667
"798","Pinheiros","CO",2019-03-09,1.19047619047619
"799","Pinheiros","CO",2019-03-10,0.2375
"800","Pinheiros","CO",2019-03-11,0.25
"801","Pinheiros","CO",2019-03-12,0.35
"802","Pinheiros","CO",2019-03-13,0.526086956521739
"803","Pinheiros","CO",2019-03-14,0.604545454545454
"804","Pinheiros","CO",2019-03-15,0.55
"805","Pinheiros","CO",2019-03-16,0.260869565217391
"806","Pinheiros","CO",2019-03-17,0.4375
"807","Pinheiros","CO",2019-03-18,0.741666666666667
"808","Pinheiros","CO",2019-03-19,0.566666666666667
"809","Pinheiros","CO",2019-03-20,0.383333333333333
"810","Pinheiros","CO",2019-03-21,0.329166666666667
"811","Pinheiros","CO",2019-03-22,0.295833333333333
"812","Pinheiros","CO",2019-03-23,0.295833333333333
"813","Pinheiros","CO",2019-03-24,0.379166666666667
"814","Pinheiros","CO",2019-03-25,0.516666666666667
"815","Pinheiros","CO",2019-03-26,0.616666666666667
"816","Pinheiros","CO",2019-03-27,0.366666666666667
"817","Pinheiros","CO",2019-03-28,0.295833333333333
"818","Pinheiros","CO",2019-03-29,0.225
"819","Pinheiros","CO",2019-03-30,0.279166666666667
"820","Pinheiros","CO",2019-03-31,0.2625
"821","Pinheiros","CO",2019-04-01,0.216666666666667
"822","Pinheiros","CO",2019-04-02,0.308333333333333
"823","Pinheiros","CO",2019-04-03,0.733333333333333
"824","Pinheiros","CO",2019-04-04,1.04166666666667
"825","Pinheiros","CO",2019-04-05,1.0375
"826","Pinheiros","CO",2019-04-06,0.575
"827","Pinheiros","CO",2019-04-07,0.55
"828","Pinheiros","CO",2019-04-08,0.629166666666667
"829","Pinheiros","CO",2019-04-09,0.421739130434783
"830","Pinheiros","CO",2019-04-10,0.395833333333333
"831","Pinheiros","CO",2019-04-11,0.441666666666667
"832","Pinheiros","CO",2019-04-12,0.691666666666667
"833","Pinheiros","CO",2019-04-13,1.36
"834","Pinheiros","CO",2019-04-14,0.25
"835","Pinheiros","CO",2019-04-15,0.55
"836","Pinheiros","CO",2019-04-16,0.7625
"837","Pinheiros","CO",2019-04-17,0.8125
"838","Pinheiros","CO",2019-04-18,0.72
"839","Pinheiros","CO",2019-04-19,0.628483013290268
"840","Pinheiros","CO",2019-04-20,0.586489836688068
"841","Pinheiros","CO",2019-04-21,0.491666666666667
"842","Pinheiros","CO",2019-04-22,0.620833333333333
"843","Pinheiros","CO",2019-04-23,0.5125
"844","Pinheiros","CO",2019-04-24,0.583333333333333
"845","Pinheiros","CO",2019-04-25,0.516666666666667
"846","Pinheiros","CO",2019-04-26,0.581818181818182
"847","Pinheiros","CO",2019-04-27,0.804166666666667
"848","Pinheiros","CO",2019-04-28,0.478260869565217
"849","Pinheiros","CO",2019-04-29,0.470833333333333
"850","Pinheiros","CO",2019-04-30,0.458333333333333
"851","Pinheiros","CO",2019-05-01,0.591304347826087
"852","Pinheiros","CO",2019-05-02,1.25
"853","Pinheiros","CO",2019-05-03,1.30416666666667
"854","Pinheiros","CO",2019-05-04,1.13333333333333
"855","Pinheiros","CO",2019-05-05,0.818181818181818
"856","Pinheiros","CO",2019-05-06,1.03333333333333
"857","Pinheiros","CO",2019-05-07,0.383333333333333
"858","Pinheiros","CO",2019-05-08,0.283333333333333
"859","Pinheiros","CO",2019-05-09,0.408333333333333
"860","Pinheiros","CO",2019-05-10,0.970833333333333
"861","Pinheiros","CO",2019-05-11,1.01904761904762
"862","Pinheiros","CO",2019-05-12,0.770833333333333
"863","Pinheiros","CO",2019-05-13,0.458333333333333
"864","Pinheiros","CO",2019-05-14,0.554166666666667
"865","Pinheiros","CO",2019-05-15,0.28695652173913
"866","Pinheiros","CO",2019-05-16,0.2875
"867","Pinheiros","CO",2019-05-17,0.3375
"868","Pinheiros","CO",2019-05-18,0.95
"869","Pinheiros","CO",2019-05-19,0.454166666666667
"870","Pinheiros","CO",2019-05-20,0.758333333333333
"871","Pinheiros","CO",2019-05-21,0.954166666666667
"872","Pinheiros","CO",2019-05-22,1.48260869565217
"873","Pinheiros","CO",2019-05-23,1.11666666666667
"874","Pinheiros","CO",2019-05-24,0.591304347826087
"875","Pinheiros","CO",2019-05-25,0.2625
"876","Pinheiros","CO",2019-05-26,0.2625
"877","Pinheiros","CO",2019-05-27,1.00833333333333
"878","Pinheiros","CO",2019-05-28,1.0875
"879","Pinheiros","CO",2019-05-29,0.6
"880","Pinheiros","CO",2019-05-30,0.8125
"881","Pinheiros","CO",2019-05-31,0.891666666666667
"882","Pinheiros","CO",2019-06-01,1.0375
"883","Pinheiros","CO",2019-06-02,0.825
"884","Pinheiros","CO",2019-06-03,0.7875
"885","Pinheiros","CO",2019-06-04,0.25
"886","Pinheiros","CO",2019-06-05,0.316666666666667
"887","Pinheiros","CO",2019-06-06,0.566666666666667
"888","Pinheiros","CO",2019-06-07,1.24583333333333
"889","Pinheiros","CO",2019-06-08,1.48333333333333
"890","Pinheiros","CO",2019-06-09,1.4
"891","Pinheiros","CO",2019-06-10,0.708333333333333
"892","Pinheiros","CO",2019-06-11,1.14166666666667
"893","Pinheiros","CO",2019-06-12,1.80833333333333
"894","Pinheiros","CO",2019-06-13,2.38333333333333
"895","Pinheiros","CO",2019-06-14,1.15416666666667
"896","Pinheiros","CO",2019-06-15,1.20416666666667
"897","Pinheiros","CO",2019-06-16,1.33333333333333
"898","Pinheiros","CO",2019-06-17,0.666666666666667
"899","Pinheiros","CO",2019-06-18,1.125
"900","Pinheiros","CO",2019-06-19,1.40416666666667
"901","Pinheiros","CO",2019-06-20,1.29333333333333
"902","Pinheiros","CO",2019-06-21,0.295833333333333
"903","Pinheiros","CO",2019-06-22,0.466666666666667
"904","Pinheiros","CO",2019-06-23,0.929166666666667
"905","Pinheiros","CO",2019-06-24,0.866666666666667
"906","Pinheiros","CO",2019-06-25,0.91304347826087
"907","Pinheiros","CO",2019-06-26,1
"908","Pinheiros","CO",2019-06-27,0.595833333333333
"909","Pinheiros","CO",2019-06-28,0.6625
"910","Pinheiros","CO",2019-06-29,1.225
"911","Pinheiros","CO",2019-06-30,0.908333333333333
"912","Pinheiros","CO",2019-07-01,1.06666666666667
"913","Pinheiros","CO",2019-07-02,1.1
"914","Pinheiros","CO",2019-07-03,0.833333333333333
"915","Pinheiros","CO",2019-07-04,0.736363636363636
"916","Pinheiros","CO",2019-07-05,0.491666666666667
"917","Pinheiros","CO",2019-07-06,0.345833333333333
"918","Pinheiros","CO",2019-07-07,0.345833333333333
"919","Pinheiros","CO",2019-07-08,0.370833333333333
"920","Pinheiros","CO",2019-07-09,0.541666666666667
"921","Pinheiros","CO",2019-07-10,1.3
"922","Pinheiros","CO",2019-07-11,1.55833333333333
"923","Pinheiros","CO",2019-07-12,2
"924","Pinheiros","CO",2019-07-13,1.34347826086957
"925","Pinheiros","CO",2019-07-14,1.325
"926","Pinheiros","CO",2019-07-15,0.734782608695652
"927","Pinheiros","CO",2019-07-16,0.425
"928","Pinheiros","CO",2019-07-17,0.356521739130435
"929","Pinheiros","CO",2019-07-18,0.3125
"930","Pinheiros","CO",2019-07-19,0.654166666666667
"931","Pinheiros","CO",2019-07-20,0.9
"932","Pinheiros","CO",2019-07-21,0.795833333333333
"933","Pinheiros","CO",2019-07-22,0.954166666666667
"934","Pinheiros","CO",2019-07-23,1.5
"935","Pinheiros","CO",2019-07-24,1.42083333333333
"936","Pinheiros","CO",2019-07-25,0.995833333333333
"937","Pinheiros","CO",2019-07-26,0.627272727272727
"938","Pinheiros","CO",2019-07-27,0.473333333333333
"939","Pinheiros","CO",2019-07-28,0.241666666666667
"940","Pinheiros","CO",2019-07-29,0.3875
"941","Pinheiros","CO",2019-07-30,0.641666666666667
"942","Pinheiros","CO",2019-07-31,0.8625
"943","Pinheiros","CO",2019-08-01,1.325
"944","Pinheiros","CO",2019-08-02,1.32083333333333
"945","Pinheiros","CO",2019-08-03,0.229166666666667
"946","Pinheiros","CO",2019-08-04,0.1625
"947","Pinheiros","CO",2019-08-05,0.275
"948","Pinheiros","CO",2019-08-06,0.554166666666667
"949","Pinheiros","CO",2019-08-07,1.2125
"950","Pinheiros","CO",2019-08-08,1.29166666666667
"951","Pinheiros","CO",2019-08-09,1.8875
"952","Pinheiros","CO",2019-08-10,1.725
"953","Pinheiros","CO",2019-08-11,0.745833333333333
"954","Pinheiros","CO",2019-08-12,1.09166666666667
"955","Pinheiros","CO",2019-08-13,1.07916666666667
"956","Pinheiros","CO",2019-08-14,0.216666666666667
"957","Pinheiros","CO",2019-08-15,0.3
"958","Pinheiros","CO",2019-08-16,0.783333333333333
"959","Pinheiros","CO",2019-08-17,0.8625
"960","Pinheiros","CO",2019-08-18,0.683333333333333
"961","Pinheiros","CO",2019-08-19,0.291666666666667
"962","Pinheiros","CO",2019-08-20,0.266666666666667
"963","Pinheiros","CO",2019-08-21,0.308333333333333
"964","Pinheiros","CO",2019-08-22,0.25
"965","Pinheiros","CO",2019-08-23,0.341666666666667
"966","Pinheiros","CO",2019-08-24,0.216666666666667
"967","Pinheiros","CO",2019-08-25,0.195833333333333
"968","Pinheiros","CO",2019-08-26,0.322727272727273
"969","Pinheiros","CO",2019-08-27,0.404166666666667
"970","Pinheiros","CO",2019-08-28,0.325
"971","Pinheiros","CO",2019-08-29,0.579166666666667
"972","Pinheiros","CO",2019-08-30,1.55
"973","Pinheiros","CO",2019-08-31,1.14444444444444
"974","Pinheiros","CO",2019-09-01,0.5625
"975","Pinheiros","CO",2019-09-02,0.470833333333333
"976","Pinheiros","CO",2019-09-03,0.925
"977","Pinheiros","CO",2019-09-04,0.404166666666667
"978","Pinheiros","CO",2019-09-05,0.333333333333333
"979","Pinheiros","CO",2019-09-06,0.458333333333333
"980","Pinheiros","CO",2019-09-07,0.6
"981","Pinheiros","CO",2019-09-08,0.779166666666667
"982","Pinheiros","CO",2019-09-09,0.795833333333333
"983","Pinheiros","CO",2019-09-10,1.45
"984","Pinheiros","CO",2019-09-11,2.01666666666667
"985","Pinheiros","CO",2019-09-12,1.425
"986","Pinheiros","CO",2019-09-13,0.345833333333333
"987","Pinheiros","CO",2019-09-14,0.320833333333333
"988","Pinheiros","CO",2019-09-15,0.533333333333333
"989","Pinheiros","CO",2019-09-16,0.825
"990","Pinheiros","CO",2019-09-17,1.27916666666667
"991","Pinheiros","CO",2019-09-18,0.9625
"992","Pinheiros","CO",2019-09-19,0.541666666666667
"993","Pinheiros","CO",2019-09-20,0.7125
"994","Pinheiros","CO",2019-09-21,0.245833333333333
"995","Pinheiros","CO",2019-09-22,0.183333333333333
"996","Pinheiros","CO",2019-09-23,0.216666666666667
"997","Pinheiros","CO",2019-09-24,0.320833333333333
"998","Pinheiros","CO",2019-09-25,0.354166666666667
"999","Pinheiros","CO",2019-09-26,0.516666666666667
"1000","Pinheiros","CO",2019-09-27,0.454166666666667
"1001","Pinheiros","CO",2019-09-28,0.225
"1002","Pinheiros","CO",2019-09-29,0.279166666666667
"1003","Pinheiros","CO",2019-09-30,0.375
"1004","Pinheiros","CO",2019-10-01,0.429166666666667
"1005","Pinheiros","CO",2019-10-02,0.808333333333333
"1006","Pinheiros","CO",2019-10-03,0.604166666666667
"1007","Pinheiros","CO",2019-10-04,0.391666666666667
"1008","Pinheiros","CO",2019-10-05,0.475
"1009","Pinheiros","CO",2019-10-06,0.241666666666667
"1010","Pinheiros","CO",2019-10-07,0.308333333333333
"1011","Pinheiros","CO",2019-10-08,0.375
"1012","Pinheiros","CO",2019-10-09,0.35
"1013","Pinheiros","CO",2019-10-10,0.35
"1014","Pinheiros","CO",2019-10-11,0.591666666666667
"1015","Pinheiros","CO",2019-10-12,0.766666666666667
"1016","Pinheiros","CO",2019-10-13,0.8
"1017","Pinheiros","CO",2019-10-14,0.55
"1018","Pinheiros","CO",2019-10-15,0.327272727272727
"1019","Pinheiros","CO",2019-10-16,0.295652173913043
"1020","Pinheiros","CO",2019-10-17,0.379166666666667
"1021","Pinheiros","CO",2019-10-18,0.6125
"1022","Pinheiros","CO",2019-10-19,0.325
"1023","Pinheiros","CO",2019-10-20,0.2
"1024","Pinheiros","CO",2019-10-21,0.5125
"1025","Pinheiros","CO",2019-10-22,0.5375
"1026","Pinheiros","CO",2019-10-23,0.266666666666667
"1027","Pinheiros","CO",2019-10-24,0.470833333333333
"1028","Pinheiros","CO",2019-10-25,0.704166666666667
"1029","Pinheiros","CO",2019-10-26,0.358333333333333
"1030","Pinheiros","CO",2019-10-27,0.391666666666667
"1031","Pinheiros","CO",2019-10-28,0.545833333333333
"1032","Pinheiros","CO",2019-10-29,0.704166666666667
"1033","Pinheiros","CO",2019-10-30,0.470833333333333
"1034","Pinheiros","CO",2019-10-31,0.433333333333333
"1035","Pinheiros","CO",2019-11-01,0.325
"1036","Pinheiros","CO",2019-11-02,0.470833333333333
"1037","Pinheiros","CO",2019-11-03,0.5375
"1038","Pinheiros","CO",2019-11-04,0.575
"1039","Pinheiros","CO",2019-11-05,0.541666666666667
"1040","Pinheiros","CO",2019-11-06,0.3125
"1041","Pinheiros","CO",2019-11-07,0.416666666666667
"1042","Pinheiros","CO",2019-11-08,0.468181818181818
"1043","Pinheiros","CO",2019-11-09,0.366666666666667
"1044","Pinheiros","CO",2019-11-10,0.519047619047619
"1045","Pinheiros","CO",2019-11-11,0.35
"1046","Pinheiros","CO",2019-11-12,0.208333333333333
"1047","Pinheiros","CO",2019-11-13,0.379166666666667
"1048","Pinheiros","CO",2019-11-14,0.645833333333333
"1049","Pinheiros","CO",2019-11-15,0.375
"1050","Pinheiros","CO",2019-11-16,0.270833333333333
"1051","Pinheiros","CO",2019-11-17,0.191666666666667
"1052","Pinheiros","CO",2019-11-18,0.25
"1053","Pinheiros","CO",2019-11-19,0.3125
"1054","Pinheiros","CO",2019-11-20,0.275
"1055","Pinheiros","CO",2019-11-21,0.433333333333333
"1056","Pinheiros","CO",2019-11-22,0.69047619047619
"1057","Pinheiros","CO",2019-11-23,0.333333333333333
"1058","Pinheiros","CO",2019-11-24,0.166666666666667
"1059","Pinheiros","CO",2019-11-25,0.240909090909091
"1060","Pinheiros","CO",2019-11-26,0.277777777777778
"1061","Pinheiros","CO",2019-11-27,0.685714285714286
"1062","Pinheiros","CO",2019-11-28,0.370833333333333
"1063","Pinheiros","CO",2019-11-29,0.329166666666667
"1064","Pinheiros","CO",2019-11-30,0.495833333333333
"1065","Pinheiros","CO",2019-12-01,0.3625
"1066","Pinheiros","CO",2019-12-02,0.241666666666667
"1067","Pinheiros","CO",2019-12-03,0.266666666666667
"1068","Pinheiros","CO",2019-12-04,0.65
"1069","Pinheiros","CO",2019-12-05,0.791666666666667
"1070","Pinheiros","CO",2019-12-06,0.4375
"1071","Pinheiros","CO",2019-12-07,0.316666666666667
"1072","Pinheiros","CO",2019-12-08,0.3625
"1073","Pinheiros","CO",2019-12-09,0.545833333333333
"1074","Pinheiros","CO",2019-12-10,0.920833333333333
"1075","Pinheiros","CO",2019-12-11,0.943478260869565
"1076","Pinheiros","CO",2019-12-12,0.852631578947368
"1077","Pinheiros","CO",2019-12-13,0.581818181818182
"1078","Pinheiros","CO",2019-12-14,0.408333333333333
"1079","Pinheiros","CO",2019-12-15,0.479166666666667
"1080","Pinheiros","CO",2019-12-16,0.641666666666667
"1081","Pinheiros","CO",2019-12-17,0.483333333333333
"1082","Pinheiros","CO",2019-12-18,0.5
"1083","Pinheiros","CO",2019-12-19,0.345833333333333
"1084","Pinheiros","CO",2019-12-20,0.34
"1085","Pinheiros","CO",2019-12-21,0.4
"1086","Pinheiros","CO",2019-12-22,0.320833333333333
"1087","Pinheiros","CO",2019-12-23,0.483333333333333
"1088","Pinheiros","CO",2019-12-24,0.254166666666667
"1089","Pinheiros","CO",2019-12-25,0.279166666666667
"1090","Pinheiros","CO",2019-12-26,0.3125
"1091","Pinheiros","CO",2019-12-27,0.270833333333333
"1092","Pinheiros","CO",2019-12-28,0.278260869565217
"1093","Pinheiros","CO",2019-12-29,0.270833333333333
"1094","Pinheiros","CO",2019-12-30,0.258333333333333
"1095","Pinheiros","CO",2019-12-31,0.291666666666667
"1096","Pinheiros","CO",2020-01-01,0.4125
"1097","Pinheiros","CO",2020-01-02,0.433333333333333
"1098","Pinheiros","CO",2020-01-03,0.266666666666667
"1099","Pinheiros","CO",2020-01-04,0.295833333333333
"1100","Pinheiros","CO",2020-01-05,0.341666666666667
"1101","Pinheiros","CO",2020-01-06,0.466666666666667
"1102","Pinheiros","CO",2020-01-07,0.466666666666667
"1103","Pinheiros","CO",2020-01-08,0.517391304347826
"1104","Pinheiros","CO",2020-01-09,0.55
"1105","Pinheiros","CO",2020-01-10,0.630434782608696
"1106","Pinheiros","CO",2020-01-11,0.558333333333333
"1107","Pinheiros","CO",2020-01-12,0.420833333333333
"1108","Pinheiros","CO",2020-01-13,0.291666666666667
"1109","Pinheiros","CO",2020-01-14,0.335294117647059
"1110","Pinheiros","CO",2020-01-15,0.704545454545455
"1111","Pinheiros","CO",2020-01-16,0.81304347826087
"1112","Pinheiros","CO",2020-01-17,0.295833333333333
"1113","Pinheiros","CO",2020-01-18,0.283333333333333
"1114","Pinheiros","CO",2020-01-19,0.320833333333333
"1115","Pinheiros","CO",2020-01-20,0.3375
"1116","Pinheiros","CO",2020-01-21,0.2625
"1117","Pinheiros","CO",2020-01-22,0.276190476190476
"1118","Pinheiros","CO",2020-01-23,0.434782608695652
"1119","Pinheiros","CO",2020-01-24,0.428571428571429
"1120","Pinheiros","CO",2020-01-25,0.493333333333333
"1121","Pinheiros","CO",2020-01-26,0.633333333333333
"1122","Pinheiros","CO",2020-01-27,0.678260869565217
"1123","Pinheiros","CO",2020-01-28,0.670833333333333
"1124","Pinheiros","CO",2020-01-29,0.504166666666667
"1125","Pinheiros","CO",2020-01-30,0.491666666666667
"1126","Pinheiros","CO",2020-01-31,0.504166666666667
"1127","Pinheiros","CO",2020-02-01,0.589473684210526
"1128","Pinheiros","CO",2020-02-02,0.491666666666667
"1129","Pinheiros","CO",2020-02-03,0.479166666666667
"1130","Pinheiros","CO",2020-02-04,0.441666666666667
"1131","Pinheiros","CO",2020-02-05,0.508333333333333
"1132","Pinheiros","CO",2020-02-06,0.629166666666667
"1133","Pinheiros","CO",2020-02-07,0.579166666666667
"1134","Pinheiros","CO",2020-02-08,0.560869565217391
"1135","Pinheiros","CO",2020-02-09,0.55
"1136","Pinheiros","CO",2020-02-10,0.395454545454545
"1137","Pinheiros","CO",2020-02-11,0.254166666666667
"1138","Pinheiros","CO",2020-02-12,0.258333333333333
"1139","Pinheiros","CO",2020-02-13,0.295833333333333
"1140","Pinheiros","CO",2020-02-14,0.35
"1141","Pinheiros","CO",2020-02-15,0.4125
"1142","Pinheiros","CO",2020-02-16,0.629166666666667
"1143","Pinheiros","CO",2020-02-17,0.604166666666667
"1144","Pinheiros","CO",2020-02-18,0.591304347826087
"1145","Pinheiros","CO",2020-02-19,0.768181818181818
"1146","Pinheiros","CO",2020-02-20,0.826315789473684
"1147","Pinheiros","CO",2020-02-21,0.5125
"1148","Pinheiros","CO",2020-02-22,0.308333333333333
"1149","Pinheiros","CO",2020-02-23,0.233333333333333
"1150","Pinheiros","CO",2020-02-24,0.354166666666667
"1151","Pinheiros","CO",2020-02-25,0.3875
"1152","Pinheiros","CO",2020-02-26,0.520833333333333
"1153","Pinheiros","CO",2020-02-27,0.239130434782609
"1154","Pinheiros","CO",2020-02-28,0.279166666666667
"1155","Pinheiros","CO",2020-02-29,0.354545454545455
"1156","Pinheiros","CO",2020-03-01,0.18695652173913
"1157","Pinheiros","CO",2020-03-02,0.275
"1158","Pinheiros","CO",2020-03-03,0.304166666666667
"1159","Pinheiros","CO",2020-03-04,0.2875
"1160","Pinheiros","CO",2020-03-05,0.283333333333333
"1161","Pinheiros","CO",2020-03-06,0.241666666666667
"1162","Pinheiros","CO",2020-03-07,0.233333333333333
"1163","Pinheiros","CO",2020-03-08,0.321739130434783
"1164","Pinheiros","CO",2020-03-09,0.408333333333333
"1165","Pinheiros","CO",2020-03-10,0.370833333333333
"1166","Pinheiros","CO",2020-03-11,0.3625
"1167","Pinheiros","CO",2020-03-12,0.3625
"1168","Pinheiros","CO",2020-03-13,0.45
"1169","Pinheiros","CO",2020-03-14,0.3375
"1170","Pinheiros","CO",2020-03-15,0.391304347826087
"1171","Pinheiros","CO",2020-03-16,0.5375
"1172","Pinheiros","CO",2020-03-17,0.445833333333333
"1173","Pinheiros","CO",2020-03-18,0.4125
"1174","Pinheiros","CO",2020-03-19,0.679166666666667
"1175","Pinheiros","CO",2020-03-20,0.4
"1176","Pinheiros","CO",2020-03-21,0.2125
"1177","Pinheiros","CO",2020-03-22,0.175
"1178","Pinheiros","CO",2020-03-23,0.183333333333333
"1179","Pinheiros","CO",2020-03-24,0.195833333333333
"1180","Pinheiros","CO",2020-03-25,0.2125
"1181","Pinheiros","CO",2020-03-26,0.2125
"1182","Pinheiros","CO",2020-03-27,0.204166666666667
"1183","Pinheiros","CO",2020-03-28,0.291666666666667
"1184","Pinheiros","CO",2020-03-29,0.341666666666667
"1185","Pinheiros","CO",2020-03-30,0.329166666666667
"1186","Pinheiros","CO",2020-03-31,0.325
"1187","Pinheiros","CO",2020-04-01,0.266666666666667
"1188","Pinheiros","CO",2020-04-02,0.408333333333333
"1189","Pinheiros","CO",2020-04-03,0.329166666666667
"1190","Pinheiros","CO",2020-04-04,0.175
"1191","Pinheiros","CO",2020-04-05,0.233333333333333
"1192","Pinheiros","CO",2020-04-06,0.395833333333333
"1193","Pinheiros","CO",2020-04-07,0.295833333333333
"1194","Pinheiros","CO",2020-04-08,0.195833333333333
"1195","Pinheiros","CO",2020-04-09,0.1625
"1196","Pinheiros","CO",2020-04-10,0.183333333333333
"1197","Pinheiros","CO",2020-04-11,0.1375
"1198","Pinheiros","CO",2020-04-12,0.1625
"1199","Pinheiros","CO",2020-04-13,0.291666666666667
"1200","Pinheiros","CO",2020-04-14,0.395833333333333
"1201","Pinheiros","CO",2020-04-15,0.425
"1202","Pinheiros","CO",2020-04-16,0.5125
"1203","Pinheiros","CO",2020-04-17,0.229166666666667
"1204","Pinheiros","CO",2020-04-18,0.2
"1205","Pinheiros","CO",2020-04-19,0.191666666666667
"1206","Pinheiros","CO",2020-04-20,0.245833333333333
"1207","Pinheiros","CO",2020-04-21,0.254166666666667
"1208","Pinheiros","CO",2020-04-22,0.3125
"1209","Pinheiros","CO",2020-04-23,0.245833333333333
"1210","Pinheiros","CO",2020-04-24,0.270833333333333
"1211","Pinheiros","CO",2020-04-25,0.4125
"1212","Pinheiros","CO",2020-04-26,0.604166666666667
"1213","Pinheiros","CO",2020-04-27,0.195833333333333
"1214","Pinheiros","CO",2020-04-28,0.270833333333333
"1215","Pinheiros","CO",2020-04-29,0.620833333333333
"1216","Pinheiros","CO",2020-04-30,0.854166666666667
"1217","Pinheiros","CO",2020-05-01,0.6625
"1218","Pinheiros","CO",2020-05-02,0.5875
"1219","Pinheiros","CO",2020-05-03,0.166666666666667
"1220","Pinheiros","CO",2020-05-04,0.408333333333333
"1221","Pinheiros","CO",2020-05-05,0.554166666666667
"1222","Pinheiros","CO",2020-05-06,0.5375
"1223","Pinheiros","CO",2020-05-07,0.182352941176471
"1224","Pinheiros","CO",2020-05-08,0.236842105263158
"1225","Pinheiros","CO",2020-05-09,0.358333333333333
"1226","Pinheiros","CO",2020-05-10,0.366666666666667
"1227","Pinheiros","CO",2020-05-11,0.658333333333333
"1228","Pinheiros","CO",2020-05-12,0.804166666666667
"1229","Pinheiros","CO",2020-05-13,0.654166666666667
"1230","Pinheiros","CO",2020-05-14,0.391666666666667
"1231","Pinheiros","CO",2020-05-15,0.216666666666667
"1232","Pinheiros","CO",2020-05-16,0.295833333333333
"1233","Pinheiros","CO",2020-05-17,0.525
"1234","Pinheiros","CO",2020-05-18,0.5625
"1235","Pinheiros","CO",2020-05-19,0.266666666666667
"1236","Pinheiros","CO",2020-05-20,0.320833333333333
"1237","Pinheiros","CO",2020-05-21,0.654166666666667
"1238","Pinheiros","CO",2020-05-22,0.6125
"1239","Pinheiros","CO",2020-05-23,0.295833333333333
"1240","Pinheiros","CO",2020-05-24,0.254166666666667
"1241","Pinheiros","CO",2020-05-25,0.2
"1242","Pinheiros","CO",2020-05-26,0.4375
"1243","Pinheiros","CO",2020-05-27,0.383333333333333
"1244","Pinheiros","CO",2020-05-28,0.279166666666667
"1245","Pinheiros","CO",2020-05-29,0.808333333333333
"1246","Pinheiros","CO",2020-05-30,1.33333333333333
"1247","Pinheiros","CO",2020-05-31,1.1125
